p_code,p,k,seed,included_in_summary,delta_rows,unique_delta_rows,injected_duplicate_rows,conflict_rate,measured_s,unsplit_task_count,split_task_count,unsplit_seconds,split_seconds,paired_speedup_unsplit_over_split,latency_reduction_pct,unsplit_worker_load_spread_ms,split_worker_load_spread_ms,unsplit_total_retries,split_total_retries,unsplit_barrier_participants,split_barrier_participants,unsplit_mapped_finish_spread_ms,split_mapped_finish_spread_ms,mapped_delta_verified,unsplit_tag,split_tag
000,0.0,4,1,False,35846,28677,7169,0.25,1.0236009596607711,4,4,9.926,10.38,0.95626204238921,-4.573846463832366,180,463,2,2,4,4,180,464,True,conflict25_20261007_p000_s1_unsplit,conflict25_20261007_p000_s1_split
000,0.0,4,2,True,35846,28677,7169,0.25,1.0164592981085756,4,4,10.51,10.475,1.0033412887828161,0.33301617507136194,111,67,2,2,4,4,109,66,True,conflict25_20261007_p000_s2_unsplit,conflict25_20261007_p000_s2_split
000,0.0,4,3,True,35846,28677,7169,0.25,1.0169056519555877,4,4,9.215,8.76,1.0519406392694064,4.937601736299513,10,49,2,2,4,4,12,48,True,conflict25_20261007_p000_s3_unsplit,conflict25_20261007_p000_s3_split
000,0.0,4,4,True,35846,28677,7169,0.25,1.0225966635049937,4,4,9.194,9.362,0.9820551164281137,-1.8272786599956412,81,46,2,2,4,4,80,47,True,conflict25_20261007_p000_s4_unsplit,conflict25_20261007_p000_s4_split
000,0.0,4,5,True,35846,28677,7169,0.25,1.0201417173464264,4,4,9.426,9.655,0.9762817193164165,-2.4294504561850117,49,18,2,2,4,4,48,18,True,conflict25_20261007_p000_s5_unsplit,conflict25_20261007_p000_s5_split
025,0.25,4,1,False,35846,28677,7169,0.25,1.559337164537187,4,4,10.47,10.528,0.9944908814589666,-0.5539637058261684,823,751,2,2,4,4,830,755,True,conflict25_20261007_p025_s1_unsplit,conflict25_20261007_p025_s1_split
025,0.25,4,2,True,35846,28677,7169,0.25,1.5507448529822017,4,4,9.863,10.87,0.9073597056117756,-10.209875291493457,546,492,2,2,4,4,549,495,True,conflict25_20261007_p025_s2_unsplit,conflict25_20261007_p025_s2_split
025,0.25,4,3,True,35846,28677,7169,0.25,1.5442727222005244,4,4,9.867,9.856,1.0011160714285716,0.11148272017838257,496,550,2,2,4,4,500,551,True,conflict25_20261007_p025_s3_unsplit,conflict25_20261007_p025_s3_split
025,0.25,4,4,True,35846,28677,7169,0.25,1.5338949952574903,4,4,10.898,9.76,1.1165983606557377,10.442282987704164,436,560,2,2,4,4,438,564,True,conflict25_20261007_p025_s4_unsplit,conflict25_20261007_p025_s4_split
025,0.25,4,5,True,35846,28677,7169,0.25,1.5526418568320035,4,4,10.58,10.359,1.0213341056086496,2.088846880907373,513,488,2,2,4,4,514,494,True,conflict25_20261007_p025_s5_unsplit,conflict25_20261007_p025_s5_split
050,0.5,4,1,False,35846,28677,7169,0.25,2.089382357864197,4,7,10.322,10.909,0.9461912182601521,-5.6868823871342915,1107,831,2,5,4,4,1111,1225,True,conflict25_20261007_p050_s1_unsplit,conflict25_20261007_p050_s1_split
050,0.5,4,2,True,35846,28677,7169,0.25,2.0930647771020476,4,7,10.58,9.981,1.0600140266506362,5.6616257088846895,1027,730,2,2,4,4,1031,983,True,conflict25_20261007_p050_s2_unsplit,conflict25_20261007_p050_s2_split
050,0.5,4,3,True,35846,28677,7169,0.25,2.0811248116944707,4,7,11.712,9.476,1.235964542000844,19.0915300546448,925,543,2,2,4,4,929,863,True,conflict25_20261007_p050_s3_unsplit,conflict25_20261007_p050_s3_split
050,0.5,4,4,True,35846,28677,7169,0.25,2.089382357864197,4,7,9.949,9.607,1.0355990423649424,3.4375314101919843,938,586,2,2,4,4,942,832,True,conflict25_20261007_p050_s4_unsplit,conflict25_20261007_p050_s4_split
050,0.5,4,5,True,35846,28677,7169,0.25,2.0984210232661944,4,7,10.368,9.642,1.075295581829496,7.002314814814822,1003,707,2,2,4,4,1009,1000,True,conflict25_20261007_p050_s5_unsplit,conflict25_20261007_p050_s5_split
075,0.75,4,1,False,35846,28677,7169,0.25,2.6417452435418176,4,7,11.847,10.113,1.1714624740433106,14.636616865029122,1428,884,2,2,4,4,1437,1027,True,conflict25_20261007_p075_s1_unsplit,conflict25_20261007_p075_s1_split
075,0.75,4,2,True,35846,28677,7169,0.25,2.6406293589242873,4,7,10.721,10.3,1.0408737864077668,3.9268724932375654,1442,811,2,2,4,4,1449,1052,True,conflict25_20261007_p075_s2_unsplit,conflict25_20261007_p075_s2_split
075,0.75,4,3,True,35846,28677,7169,0.25,2.6396250627685096,4,7,11.175,9.803,1.1399571559726613,12.277404921700223,1562,613,2,2,4,4,1568,1204,True,conflict25_20261007_p075_s3_unsplit,conflict25_20261007_p075_s3_split
075,0.75,4,4,True,35846,28677,7169,0.25,2.629358924287229,4,7,11.352,9.87,1.1501519756838907,13.054968287526435,1340,925,2,3,4,4,1348,1171,True,conflict25_20261007_p075_s4_unsplit,conflict25_20261007_p075_s4_split
075,0.75,4,5,True,35846,28677,7169,0.25,2.640406182000781,4,7,10.423,11.242,0.9271481942714819,-7.857622565480197,1566,1085,2,3,4,4,1572,1330,True,conflict25_20261007_p075_s5_unsplit,conflict25_20261007_p075_s5_split
100,1.0,4,1,False,35846,28677,7169,0.25,3.200022317692351,4,7,11.15,9.708,1.1485372888339513,12.93273542600897,1923,569,1,3,2,4,1931,1145,True,conflict25_20261007_p100_s1_unsplit,conflict25_20261007_p100_s1_split
100,1.0,4,2,True,35846,28677,7169,0.25,3.200022317692351,4,7,11.582,10.251,1.1298409911228173,11.491970298739433,2171,697,1,2,2,4,2180,1288,True,conflict25_20261007_p100_s2_unsplit,conflict25_20261007_p100_s2_split
100,1.0,4,3,True,35846,28677,7169,0.25,3.200022317692351,4,7,11.097,9.838,1.1279731652774956,11.345408669009645,1909,566,1,2,2,4,1917,1065,True,conflict25_20261007_p100_s3_unsplit,conflict25_20261007_p100_s3_split
100,1.0,4,4,True,35846,28677,7169,0.25,3.200022317692351,4,7,11.057,10.846,1.019454176654988,1.9082933888034757,2026,533,1,2,2,4,2036,1113,True,conflict25_20261007_p100_s4_unsplit,conflict25_20261007_p100_s4_split
100,1.0,4,5,True,35846,28677,7169,0.25,3.200022317692351,4,7,10.878,10.828,1.004617657923901,0.4596433167861805,2031,637,1,2,2,4,2040,1185,True,conflict25_20261007_p100_s5_unsplit,conflict25_20261007_p100_s5_split
