op,file,old_key,new_key,changed_fields
update,stop_times.txt,4_I12-001_2023I12_1_1_4__1___|13,4_I12-001_2023I12_1_1_4__1___|13,arrival_time
delete,stop_times.txt,4_I12-001_2023I12_1_1_4__1___|19,,
composite,stop_times.txt,4_I12-001_2023I12_1_1_4__1___|24,4_I12-001_2023I12_1_1_4__1___|24,"arrival_time,departure_time"
delete,stop_times.txt,4_I12-001_2023I12_2_1_4__1___|8,,
composite,stop_times.txt,4_I12-001_2023I12_2_1_4__1___|31,4_I12-001_2023I12_2_1_4__1___|31,"arrival_time,departure_time"
delete,stop_times.txt,4_I13-001_2023I13_1_1_4__1___|23,,
delete,stop_times.txt,4_I13-001_2023I13_2_1_4__1___|6,,
composite,stop_times.txt,4_I13-001_2023I13_2_1_4__1___|8,4_I13-001_2023I13_2_1_4__1___|8,"arrival_time,departure_time"
composite,stop_times.txt,4_I13-001_2023I13_2_1_4__1___|20,4_I13-001_2023I13_2_1_4__1___|20,"arrival_time,departure_time"
update,stop_times.txt,4_I14-001_2023I14_1_1_4__1___|22,4_I14-001_2023I14_1_1_4__1___|22,arrival_time
delete,stop_times.txt,4_I14-001_2023I14_1_1_4__1___|25,,
composite,stop_times.txt,4_I14-001_2023I14_2_1_4__1___|3,4_I14-001_2023I14_2_1_4__1___|3,"arrival_time,departure_time"
composite,stop_times.txt,4_I15-001_2023I15_1_1_4__1___|15,4_I15-001_2023I15_1_1_4__1___|15,"arrival_time,departure_time"
update,stop_times.txt,4_I15-001_2023I15_1_1_4__1___|26,4_I15-001_2023I15_1_1_4__1___|26,arrival_time
composite,stop_times.txt,4_I15-001_2023I15_2_1_4__1___|9,4_I15-001_2023I15_2_1_4__1___|9,"arrival_time,departure_time"
composite,stop_times.txt,4_I15-001_2023I15_2_1_4__1___|12,4_I15-001_2023I15_2_1_4__1___|12,"arrival_time,departure_time"
update,stop_times.txt,4_I15-001_2023I15_2_1_4__1___|18,4_I15-001_2023I15_2_1_4__1___|18,arrival_time
update,stop_times.txt,4_I12-002_2023I12_1_1_4__2___|0,4_I12-002_2023I12_1_1_4__2___|0,arrival_time
delete,stop_times.txt,4_I12-002_2023I12_1_1_4__2___|3,,
delete,stop_times.txt,4_I12-002_2023I12_1_1_4__2___|7,,
update,stop_times.txt,4_I12-002_2023I12_2_1_4__2___|0,4_I12-002_2023I12_2_1_4__2___|0,arrival_time
composite,stop_times.txt,4_I12-002_2023I12_2_1_4__2___|13,4_I12-002_2023I12_2_1_4__2___|13,"arrival_time,departure_time"
composite,stop_times.txt,4_I13-002_2023I13_1_1_4__2___|13,4_I13-002_2023I13_1_1_4__2___|13,"arrival_time,departure_time"
composite,stop_times.txt,4_I13-002_2023I13_2_1_4__2___|2,4_I13-002_2023I13_2_1_4__2___|2,"arrival_time,departure_time"
composite,stop_times.txt,4_I13-002_2023I13_2_1_4__2___|19,4_I13-002_2023I13_2_1_4__2___|19,"arrival_time,departure_time"
update,stop_times.txt,4_I14-002_2023I14_1_1_4__2___|2,4_I14-002_2023I14_1_1_4__2___|2,arrival_time
update,stop_times.txt,4_I14-002_2023I14_1_1_4__2___|11,4_I14-002_2023I14_1_1_4__2___|11,arrival_time
composite,stop_times.txt,4_I14-002_2023I14_1_1_4__2___|12,4_I14-002_2023I14_1_1_4__2___|12,"arrival_time,departure_time"
delete,stop_times.txt,4_I14-002_2023I14_2_1_4__2___|0,,
update,stop_times.txt,4_I15-002_2023I15_1_1_4__2___|2,4_I15-002_2023I15_1_1_4__2___|2,arrival_time
update,stop_times.txt,4_I15-002_2023I15_2_1_4__2___|14,4_I15-002_2023I15_2_1_4__2___|14,arrival_time
update,stop_times.txt,4_I15-002_2023I15_2_1_4__2___|18,4_I15-002_2023I15_2_1_4__2___|18,arrival_time
update,stop_times.txt,4_I12-004_2023I12_1_1_4__4___|7,4_I12-004_2023I12_1_1_4__4___|7,arrival_time
update,stop_times.txt,4_I12-004_2023I12_1_1_4__4___|15,4_I12-004_2023I12_1_1_4__4___|15,arrival_time
update,stop_times.txt,4_I13-004_2023I13_1_1_4__4___|7,4_I13-004_2023I13_1_1_4__4___|7,arrival_time
delete,stop_times.txt,4_I13-004_2023I13_2_1_4__4___|9,,
update,stop_times.txt,4_I13-004_2023I13_2_1_4__4___|10,4_I13-004_2023I13_2_1_4__4___|10,arrival_time
delete,stop_times.txt,4_I13-004_2023I13_2_1_4__4___|11,,
composite,stop_times.txt,4_I13-004_2023I13_2_1_4__4___|21,4_I13-004_2023I13_2_1_4__4___|21,"arrival_time,departure_time"
update,stop_times.txt,4_I14-004_2023I14_2_1_4__4___|18,4_I14-004_2023I14_2_1_4__4___|18,arrival_time
update,stop_times.txt,4_I15-004_2023I15_1_1_4__4___|5,4_I15-004_2023I15_1_1_4__4___|5,arrival_time
update,stop_times.txt,4_I15-004_2023I15_1_1_4__4___|17,4_I15-004_2023I15_1_1_4__4___|17,arrival_time
update,stop_times.txt,4_I15-004_2023I15_1_1_4__4___|21,4_I15-004_2023I15_1_1_4__4___|21,arrival_time
delete,stop_times.txt,4_I15-004_2023I15_2_1_4__4___|4,,
delete,stop_times.txt,4_I15-004_2023I15_2_1_4__4___|16,,
update,stop_times.txt,4_I15-004_2023I15_2_1_4__4___|18,4_I15-004_2023I15_2_1_4__4___|18,arrival_time
delete,stop_times.txt,4_I15-004_2023I15_2_1_4__4___|22,,
delete,stop_times.txt,4_I12-005_2023I12_1_1_4__5___|12,,
composite,stop_times.txt,4_I12-005_2023I12_1_1_4__5___|18,4_I12-005_2023I12_1_1_4__5___|18,"arrival_time,departure_time"
delete,stop_times.txt,4_I12-005_2023I12_1_1_4__5___|20,,
composite,stop_times.txt,4_I12-005_2023I12_2_1_4__5___|2,4_I12-005_2023I12_2_1_4__5___|2,"arrival_time,departure_time"
composite,stop_times.txt,4_I12-005_2023I12_2_1_4__5___|11,4_I12-005_2023I12_2_1_4__5___|11,"arrival_time,departure_time"
update,stop_times.txt,4_I12-005_2023I12_2_1_4__5___|14,4_I12-005_2023I12_2_1_4__5___|14,arrival_time
update,stop_times.txt,4_I12-005_2023I12_2_1_4__5___|16,4_I12-005_2023I12_2_1_4__5___|16,arrival_time
delete,stop_times.txt,4_I12-005_2023I12_2_1_4__5___|17,,
update,stop_times.txt,4_I12-005_2023I12_2_1_4__5___|25,4_I12-005_2023I12_2_1_4__5___|25,arrival_time
composite,stop_times.txt,4_I12-005_2023I12_2_1_4__5___|31,4_I12-005_2023I12_2_1_4__5___|31,"arrival_time,departure_time"
composite,stop_times.txt,4_I13-005_2023I13_1_1_4__5___|2,4_I13-005_2023I13_1_1_4__5___|2,"arrival_time,departure_time"
composite,stop_times.txt,4_I13-005_2023I13_1_1_4__5___|5,4_I13-005_2023I13_1_1_4__5___|5,"arrival_time,departure_time"
update,stop_times.txt,4_I13-005_2023I13_2_1_4__5___|14,4_I13-005_2023I13_2_1_4__5___|14,arrival_time
composite,stop_times.txt,4_I13-005_2023I13_2_1_4__5___|27,4_I13-005_2023I13_2_1_4__5___|27,"arrival_time,departure_time"
delete,stop_times.txt,4_I13-005_2023I13_2_1_4__5___|30,,
delete,stop_times.txt,4_I14-005_2023I14_1_1_4__5___|8,,
composite,stop_times.txt,4_I14-005_2023I14_2_1_4__5___|5,4_I14-005_2023I14_2_1_4__5___|5,"arrival_time,departure_time"
update,stop_times.txt,4_I14-005_2023I14_2_1_4__5___|19,4_I14-005_2023I14_2_1_4__5___|19,arrival_time
composite,stop_times.txt,4_I14-005_2023I14_2_1_4__5___|25,4_I14-005_2023I14_2_1_4__5___|25,"arrival_time,departure_time"
composite,stop_times.txt,4_I14-005_2023I14_2_1_4__5___|27,4_I14-005_2023I14_2_1_4__5___|27,"arrival_time,departure_time"
update,stop_times.txt,4_I15-005_2023I15_1_1_4__5___|13,4_I15-005_2023I15_1_1_4__5___|13,arrival_time
update,stop_times.txt,4_I15-005_2023I15_1_1_4__5___|16,4_I15-005_2023I15_1_1_4__5___|16,arrival_time
update,stop_times.txt,4_I15-005_2023I15_2_1_4__5___|8,4_I15-005_2023I15_2_1_4__5___|8,arrival_time
update,stop_times.txt,4_I12-061_2023I12_1_1_4__6_1__|12,4_I12-061_2023I12_1_1_4__6_1__|12,arrival_time
update,stop_times.txt,4_I12-061_2023I12_1_1_4__6_1__|20,4_I12-061_2023I12_1_1_4__6_1__|20,arrival_time
update,stop_times.txt,4_I14-061_2023I14_1_1_4__6_1__|16,4_I14-061_2023I14_1_1_4__6_1__|16,arrival_time
update,stop_times.txt,4_I14-061_2023I14_1_1_4__6_1__|17,4_I14-061_2023I14_1_1_4__6_1__|17,arrival_time
update,stop_times.txt,4_I14-061_2023I14_1_1_4__6_1__|24,4_I14-061_2023I14_1_1_4__6_1__|24,arrival_time
delete,stop_times.txt,4_I15-061_2023I15_1_1_4__6_1__|3,,
update,stop_times.txt,4_I15-061_2023I15_1_1_4__6_1__|9,4_I15-061_2023I15_1_1_4__6_1__|9,arrival_time
composite,stop_times.txt,4_I15-061_2023I15_1_1_4__6_1__|11,4_I15-061_2023I15_1_1_4__6_1__|11,"arrival_time,departure_time"
delete,stop_times.txt,4_I12-062_2023I12_1_1_4__6_2__|3,,
update,stop_times.txt,4_I12-062_2023I12_1_1_4__6_2__|22,4_I12-062_2023I12_1_1_4__6_2__|22,arrival_time
delete,stop_times.txt,4_I12-062_2023I12_1_1_4__6_2__|26,,
delete,stop_times.txt,4_I13-062_2023I13_1_1_4__6_2__|4,,
composite,stop_times.txt,4_I14-062_2023I14_1_1_4__6_2__|8,4_I14-062_2023I14_1_1_4__6_2__|8,"arrival_time,departure_time"
composite,stop_times.txt,4_I14-062_2023I14_1_1_4__6_2__|13,4_I14-062_2023I14_1_1_4__6_2__|13,"arrival_time,departure_time"
composite,stop_times.txt,4_I14-062_2023I14_1_1_4__6_2__|15,4_I14-062_2023I14_1_1_4__6_2__|15,"arrival_time,departure_time"
update,stop_times.txt,4_I15-062_2023I15_1_1_4__6_2__|1,4_I15-062_2023I15_1_1_4__6_2__|1,arrival_time
composite,stop_times.txt,4_I15-062_2023I15_1_1_4__6_2__|19,4_I15-062_2023I15_1_1_4__6_2__|19,"arrival_time,departure_time"
delete,stop_times.txt,4_I15-062_2023I15_1_1_4__6_2__|23,,
composite,stop_times.txt,4_I15-062_2023I15_1_1_4__6_2__|25,4_I15-062_2023I15_1_1_4__6_2__|25,"arrival_time,departure_time"
delete,stop_times.txt,4_I12-071_2023I12_1_1_4__7_A__|14,,
delete,stop_times.txt,4_I12-071_2023I12_2_1_4__7_A__|2,,
update,stop_times.txt,4_I12-071_2023I12_2_1_4__7_A__|9,4_I12-071_2023I12_2_1_4__7_A__|9,arrival_time
delete,stop_times.txt,4_I13-071_2023I13_2_1_4__7_A__|9,,
delete,stop_times.txt,4_I13-071_2023I13_2_1_4__7_A__|15,,
delete,stop_times.txt,4_I14-071_2023I14_1_1_4__7_A__|0,,
delete,stop_times.txt,4_I14-071_2023I14_1_1_4__7_A__|1,,
delete,stop_times.txt,4_I14-071_2023I14_1_1_4__7_A__|4,,
composite,stop_times.txt,4_I14-071_2023I14_1_1_4__7_A__|18,4_I14-071_2023I14_1_1_4__7_A__|18,"arrival_time,departure_time"
composite,stop_times.txt,4_I14-071_2023I14_1_1_4__7_A__|19,4_I14-071_2023I14_1_1_4__7_A__|19,"arrival_time,departure_time"
delete,stop_times.txt,4_I14-071_2023I14_2_1_4__7_A__|4,,
delete,stop_times.txt,4_I14-071_2023I14_2_1_4__7_A__|6,,
delete,stop_times.txt,4_I14-071_2023I14_2_1_4__7_A__|13,,
update,stop_times.txt,4_I15-071_2023I15_1_1_4__7_A__|16,4_I15-071_2023I15_1_1_4__7_A__|16,arrival_time
delete,stop_times.txt,4_I15-071_2023I15_2_1_4__7_A__|13,,
delete,stop_times.txt,4_I15-071_2023I15_2_1_4__7_A__|15,,
composite,stop_times.txt,4_I13-072_2023I13_1_1_4__7_B__|2,4_I13-072_2023I13_1_1_4__7_B__|2,"arrival_time,departure_time"
composite,stop_times.txt,4_I13-072_2023I13_1_1_4__7_B__|4,4_I13-072_2023I13_1_1_4__7_B__|4,"arrival_time,departure_time"
composite,stop_times.txt,4_I13-072_2023I13_2_1_4__7_B__|0,4_I13-072_2023I13_2_1_4__7_B__|0,"arrival_time,departure_time"
composite,stop_times.txt,4_I15-072_2023I15_1_1_4__7_B__|1,4_I15-072_2023I15_1_1_4__7_B__|1,"arrival_time,departure_time"
update,stop_times.txt,4_I13-008_2023I13_1_1_4__8___|1,4_I13-008_2023I13_1_1_4__8___|1,arrival_time
delete,stop_times.txt,4_I13-008_2023I13_1_1_4__8___|7,,
update,stop_times.txt,4_I13-008_2023I13_2_1_4__8___|5,4_I13-008_2023I13_2_1_4__8___|5,arrival_time
update,stop_times.txt,4_I14-008_2023I14_1_1_4__8___|6,4_I14-008_2023I14_1_1_4__8___|6,arrival_time
delete,stop_times.txt,4_I12-091_2023I12_2_1_4__9_A__|10,,
delete,stop_times.txt,4_I13-091_2023I13_1_1_4__9_A__|14,,
composite,stop_times.txt,4_I13-091_2023I13_1_1_4__9_A__|23,4_I13-091_2023I13_1_1_4__9_A__|23,"arrival_time,departure_time"
composite,stop_times.txt,4_I13-091_2023I13_2_1_4__9_A__|11,4_I13-091_2023I13_2_1_4__9_A__|11,"arrival_time,departure_time"
delete,stop_times.txt,4_I13-091_2023I13_2_1_4__9_A__|20,,
composite,stop_times.txt,4_I14-091_2023I14_1_1_4__9_A__|4,4_I14-091_2023I14_1_1_4__9_A__|4,"arrival_time,departure_time"
composite,stop_times.txt,4_I14-091_2023I14_1_1_4__9_A__|11,4_I14-091_2023I14_1_1_4__9_A__|11,"arrival_time,departure_time"
update,stop_times.txt,4_I15-091_2023I15_2_1_4__9_A__|5,4_I15-091_2023I15_2_1_4__9_A__|5,arrival_time
update,stop_times.txt,4_I14-092_2023I14_2_1_4__9_B__|0,4_I14-092_2023I14_2_1_4__9_B__|0,arrival_time
delete,stop_times.txt,4_I14-092_2023I14_2_1_4__9_B__|1,,
composite,stop_times.txt,4_I15-092_2023I15_2_1_4__9_B__|4,4_I15-092_2023I15_2_1_4__9_B__|4,"arrival_time,departure_time"
composite,stop_times.txt,4_I12-101_2023I12_1_1_4__10_A__|1,4_I12-101_2023I12_1_1_4__10_A__|1,"arrival_time,departure_time"
delete,stop_times.txt,4_I12-101_2023I12_1_1_4__10_A__|17,,
delete,stop_times.txt,4_I12-101_2023I12_2_1_4__10_A__|2,,
delete,stop_times.txt,4_I12-101_2023I12_2_1_4__10_A__|12,,
update,stop_times.txt,4_I13-101_2023I13_1_1_4__10_A__|11,4_I13-101_2023I13_1_1_4__10_A__|11,arrival_time
composite,stop_times.txt,4_I15-101_2023I15_2_1_4__10_A__|0,4_I15-101_2023I15_2_1_4__10_A__|0,"arrival_time,departure_time"
delete,stop_times.txt,4_I12-102_2023I12_1_1_4__10_B__|2,,
delete,stop_times.txt,4_I12-102_2023I12_1_1_4__10_B__|6,,
update,stop_times.txt,4_I12-102_2023I12_1_1_4__10_B__|7,4_I12-102_2023I12_1_1_4__10_B__|7,arrival_time
update,stop_times.txt,4_I12-102_2023I12_1_1_4__10_B__|8,4_I12-102_2023I12_1_1_4__10_B__|8,arrival_time
update,stop_times.txt,4_I13-102_2023I13_1_1_4__10_B__|0,4_I13-102_2023I13_1_1_4__10_B__|0,arrival_time
delete,stop_times.txt,4_I13-102_2023I13_1_1_4__10_B__|3,,
delete,stop_times.txt,4_I13-102_2023I13_2_1_4__10_B__|0,,
update,stop_times.txt,4_I14-102_2023I14_1_1_4__10_B__|6,4_I14-102_2023I14_1_1_4__10_B__|6,arrival_time
update,stop_times.txt,4_I15-102_2023I15_2_1_4__10_B__|6,4_I15-102_2023I15_2_1_4__10_B__|6,arrival_time
composite,stop_times.txt,4_I12-011_2023I12_2_1_4__11___|1,4_I12-011_2023I12_2_1_4__11___|1,"arrival_time,departure_time"
delete,stop_times.txt,4_I12-011_2023I12_2_1_4__11___|3,,
composite,stop_times.txt,4_I13-011_2023I13_1_1_4__11___|1,4_I13-011_2023I13_1_1_4__11___|1,"arrival_time,departure_time"
delete,stop_times.txt,4_I13-011_2023I13_1_1_4__11___|6,,
composite,stop_times.txt,4_I14-011_2023I14_1_1_4__11___|3,4_I14-011_2023I14_1_1_4__11___|3,"arrival_time,departure_time"
composite,stop_times.txt,4_I14-011_2023I14_1_1_4__11___|4,4_I14-011_2023I14_1_1_4__11___|4,"arrival_time,departure_time"
composite,stop_times.txt,4_I15-011_2023I15_1_1_4__11___|6,4_I15-011_2023I15_1_1_4__11___|6,"arrival_time,departure_time"
delete,stop_times.txt,4_I12-121_2023I12_1_1_4__12_1__|9,,
update,stop_times.txt,4_I12-121_2023I12_1_1_4__12_1__|18,4_I12-121_2023I12_1_1_4__12_1__|18,arrival_time
composite,stop_times.txt,4_I12-121_2023I12_1_1_4__12_1__|23,4_I12-121_2023I12_1_1_4__12_1__|23,"arrival_time,departure_time"
composite,stop_times.txt,4_I13-121_2023I13_1_1_4__12_1__|10,4_I13-121_2023I13_1_1_4__12_1__|10,"arrival_time,departure_time"
composite,stop_times.txt,4_I13-121_2023I13_1_1_4__12_1__|16,4_I13-121_2023I13_1_1_4__12_1__|16,"arrival_time,departure_time"
composite,stop_times.txt,4_I13-121_2023I13_1_1_4__12_1__|18,4_I13-121_2023I13_1_1_4__12_1__|18,"arrival_time,departure_time"
update,stop_times.txt,4_I15-121_2023I15_1_1_4__12_1__|0,4_I15-121_2023I15_1_1_4__12_1__|0,arrival_time
delete,stop_times.txt,4_I15-121_2023I15_1_1_4__12_1__|10,,
composite,stop_times.txt,4_I15-121_2023I15_1_1_4__12_1__|14,4_I15-121_2023I15_1_1_4__12_1__|14,"arrival_time,departure_time"
update,stop_times.txt,4_I15-121_2023I15_1_1_4__12_1__|28,4_I15-121_2023I15_1_1_4__12_1__|28,arrival_time
delete,stop_times.txt,4_I12-122_2023I12_1_1_4__12_2__|5,,
delete,stop_times.txt,4_I12-122_2023I12_1_1_4__12_2__|20,,
update,stop_times.txt,4_I12-122_2023I12_1_1_4__12_2__|25,4_I12-122_2023I12_1_1_4__12_2__|25,arrival_time
delete,stop_times.txt,4_I12-122_2023I12_1_1_4__12_2__|27,,
composite,stop_times.txt,4_I13-122_2023I13_1_1_4__12_2__|14,4_I13-122_2023I13_1_1_4__12_2__|14,"arrival_time,departure_time"
composite,stop_times.txt,4_I14-122_2023I14_1_1_4__12_2__|5,4_I14-122_2023I14_1_1_4__12_2__|5,"arrival_time,departure_time"
composite,stop_times.txt,4_I15-122_2023I15_1_1_4__12_2__|10,4_I15-122_2023I15_1_1_4__12_2__|10,"arrival_time,departure_time"
delete,stop_times.txt,4_I12-ROP_2023I12_1_1_4__R___|0,,
update,stop_times.txt,4_I13-ROP_2023I13_2_1_4__R___|1,4_I13-ROP_2023I13_2_1_4__R___|1,arrival_time
composite,stop_times.txt,4_I14-ROP_2023I14_2_1_4__R___|1,4_I14-ROP_2023I14_2_1_4__R___|1,"arrival_time,departure_time"
update,stop_times.txt,4_I15-ROP_2023I15_2_1_4__R___|1,4_I15-ROP_2023I15_2_1_4__R___|1,arrival_time
insert,stop_times.txt,,4_I15-008_2023I15_2_1_4__8___|1300003,"arrival_time,departure_time"
insert,stop_times.txt,,4_I12-061_2023I12_1_1_4__6_1__|1300022,"arrival_time,departure_time"
insert,stop_times.txt,,4_I15-005_2023I15_1_1_4__5___|1300021,"arrival_time,departure_time"
insert,stop_times.txt,,4_I13-004_2023I13_1_1_4__4___|1300010,"arrival_time,departure_time"
insert,stop_times.txt,,4_I13-102_2023I13_2_1_4__10_B__|1300007,"arrival_time,departure_time"
insert,stop_times.txt,,4_I14-101_2023I14_1_1_4__10_A__|1300014,"arrival_time,departure_time"
insert,stop_times.txt,,4_I13-062_2023I13_1_1_4__6_2__|1300025,"arrival_time,departure_time"
insert,stop_times.txt,,4_I15-001_2023I15_1_1_4__1___|1300039,"arrival_time,departure_time"
insert,stop_times.txt,,4_I15-122_2023I15_1_1_4__12_2__|1300021,"arrival_time,departure_time"
insert,stop_times.txt,,4_I12-092_2023I12_2_1_4__9_B__|1300013,"arrival_time,departure_time"
insert,stop_times.txt,,4_I15-062_2023I15_1_1_4__6_2__|1300030,"arrival_time,departure_time"
insert,stop_times.txt,,4_I13-071_2023I13_2_1_4__7_A__|1300023,"arrival_time,departure_time"
insert,stop_times.txt,,4_I14-122_2023I14_1_1_4__12_2__|1300024,"arrival_time,departure_time"
insert,stop_times.txt,,4_I15-005_2023I15_1_1_4__5___|1300034,"arrival_time,departure_time"
insert,stop_times.txt,,4_I13-102_2023I13_1_1_4__10_B__|1300015,"arrival_time,departure_time"
insert,stop_times.txt,,4_I15-005_2023I15_2_1_4__5___|1300018,"arrival_time,departure_time"
insert,stop_times.txt,,4_I15-071_2023I15_2_1_4__7_A__|1300026,"arrival_time,departure_time"
insert,stop_times.txt,,4_I12-091_2023I12_1_1_4__9_A__|1300031,"arrival_time,departure_time"
insert,stop_times.txt,,4_I14-002_2023I14_1_1_4__2___|1300037,"arrival_time,departure_time"
insert,stop_times.txt,,4_I12-004_2023I12_1_1_4__4___|1300032,"arrival_time,departure_time"
insert,stop_times.txt,,4_I13-101_2023I13_2_1_4__10_A__|1300028,"arrival_time,departure_time"
insert,stop_times.txt,,4_I14-092_2023I14_1_1_4__9_B__|1300021,"arrival_time,departure_time"
insert,stop_times.txt,,4_I15-008_2023I15_2_1_4__8___|1300027,"arrival_time,departure_time"
insert,stop_times.txt,,4_I15-061_2023I15_1_1_4__6_1__|1300046,"arrival_time,departure_time"
insert,stop_times.txt,,4_I13-062_2023I13_1_1_4__6_2__|1300042,"arrival_time,departure_time"
insert,stop_times.txt,,4_I13-004_2023I13_2_1_4__4___|1300040,"arrival_time,departure_time"
insert,stop_times.txt,,4_I13-004_2023I13_2_1_4__4___|1300033,"arrival_time,departure_time"
insert,stop_times.txt,,4_I13-001_2023I13_2_1_4__1___|1300029,"arrival_time,departure_time"
insert,stop_times.txt,,4_I13-005_2023I13_2_1_4__5___|1300033,"arrival_time,departure_time"
insert,stop_times.txt,,4_I13-072_2023I13_1_1_4__7_B__|1300036,"arrival_time,departure_time"
insert,stop_times.txt,,4_I15-008_2023I15_2_1_4__8___|1300030,"arrival_time,departure_time"
insert,stop_times.txt,,4_I13-005_2023I13_1_1_4__5___|1300053,"arrival_time,departure_time"
insert,stop_times.txt,,4_I13-061_2023I13_1_1_4__6_1__|1300054,"arrival_time,departure_time"
insert,stop_times.txt,,4_I15-072_2023I15_1_1_4__7_B__|1300040,"arrival_time,departure_time"
insert,stop_times.txt,,4_I14-001_2023I14_2_1_4__1___|1300063,"arrival_time,departure_time"
insert,stop_times.txt,,4_I12-004_2023I12_2_1_4__4___|1300054,"arrival_time,departure_time"
insert,stop_times.txt,,4_I12-072_2023I12_2_1_4__7_B__|1300036,"arrival_time,departure_time"
insert,stop_times.txt,,4_I12-002_2023I12_1_1_4__2___|1300051,"arrival_time,departure_time"
insert,stop_times.txt,,4_I12-101_2023I12_1_1_4__10_A__|1300048,"arrival_time,departure_time"
insert,stop_times.txt,,4_I13-008_2023I13_1_1_4__8___|1300039,"arrival_time,departure_time"
insert,stop_times.txt,,4_I13-071_2023I13_2_1_4__7_A__|1300063,"arrival_time,departure_time"
insert,stop_times.txt,,4_I13-001_2023I13_1_1_4__1___|1300057,"arrival_time,departure_time"
insert,stop_times.txt,,4_I12-121_2023I12_1_1_4__12_1__|1300066,"arrival_time,departure_time"
insert,stop_times.txt,,4_I15-101_2023I15_2_1_4__10_A__|1300051,"arrival_time,departure_time"
insert,stop_times.txt,,4_I15-101_2023I15_1_1_4__10_A__|1300054,"arrival_time,departure_time"
insert,stop_times.txt,,4_I13-005_2023I13_1_1_4__5___|1300062,"arrival_time,departure_time"
insert,stop_times.txt,,4_I12-121_2023I12_1_1_4__12_1__|1300055,"arrival_time,departure_time"
insert,stop_times.txt,,4_I12-001_2023I12_1_1_4__1___|1300050,"arrival_time,departure_time"
insert,stop_times.txt,,4_I13-004_2023I13_1_1_4__4___|1300070,"arrival_time,departure_time"
insert,stop_times.txt,,4_I13-005_2023I13_1_1_4__5___|1300074,"arrival_time,departure_time"
insert,stop_times.txt,,4_I14-091_2023I14_1_1_4__9_A__|1300051,"arrival_time,departure_time"
insert,stop_times.txt,,4_I15-011_2023I15_2_1_4__11___|1300053,"arrival_time,departure_time"
insert,stop_times.txt,,4_I12-071_2023I12_2_1_4__7_A__|1300070,"arrival_time,departure_time"
insert,stop_times.txt,,4_I15-091_2023I15_1_1_4__9_A__|1300059,"arrival_time,departure_time"
insert,stop_times.txt,,4_I12-122_2023I12_1_1_4__12_2__|1300082,"arrival_time,departure_time"
