p_code,p,k,seed,included_in_summary,delta_rows,partition_rows,theoretical_s,measured_s,mapped_ms,mapped_finished_at_ms,mapped_workers,mapped_duration_spread_ms,mapped_finish_spread_ms,single_thread_seconds,distributed_seconds,speedup,tag
000,0.0,4,1,False,28677,"[7315,7267,6875,7220]",1.0,1.0203298810893748,"[4183,4192,4421,4252]","[1790849892743,1790849892750,1790849892982,1790849892815]","[""aed9e652be9c"",""bc98fb43823e"",""9c1ec0018286"",""413d45dd3d51""]",238,239,13.665993337,14.058,0.972115047446294,skew_k4_p000_s1
000,0.0,4,2,True,28677,"[7295,7112,6999,7271]",1.0,1.017540189001639,"[1393,1329,1441,1611]","[1790849919488,1790849919424,1790849919539,1790849919711]","[""aed9e652be9c"",""bc98fb43823e"",""413d45dd3d51"",""9c1ec0018286""]",282,287,12.479971253,10.456,1.1935703187643458,skew_k4_p000_s2
000,0.0,4,3,True,28677,"[7259,7247,6914,7257]",1.0,1.0125187432437144,"[1284,1452,1229,1117]","[1790849946777,1790849946947,1790849946724,1790849946611]","[""bc98fb43823e"",""aed9e652be9c"",""413d45dd3d51"",""9c1ec0018286""]",335,336,13.624054473,10.463,1.3021174111631464,skew_k4_p000_s3
000,0.0,4,4,True,28677,"[7338,7185,6937,7217]",1.0,1.023538026990271,"[1113,1081,939,1065]","[1790849972836,1790849972805,1790849972665,1790849972792]","[""9c1ec0018286"",""413d45dd3d51"",""bc98fb43823e"",""aed9e652be9c""]",174,171,12.365336531,10.264,1.2047288124512863,skew_k4_p000_s4
000,0.0,4,5,True,28677,"[7320,7234,6877,7246]",1.0,1.0210273041113087,"[1002,1019,1120,1009]","[1790849998482,1790849998502,1790849998604,1790849998495]","[""bc98fb43823e"",""aed9e652be9c"",""413d45dd3d51"",""9c1ec0018286""]",118,122,12.318064536,10.256,1.2010593346333853,skew_k4_p000_s5
025,0.25,4,1,False,28677,"[12547,5501,5127,5502]",1.75,1.7501133312410642,"[1791,1198,1046,1213]","[1790850026725,1790850026126,1790850025975,1790850026144]","[""bc98fb43823e"",""9c1ec0018286"",""aed9e652be9c"",""413d45dd3d51""]",745,750,14.058671775,11.587,1.213314212047985,skew_k4_p025_s1
025,0.25,4,2,True,28677,"[12523,5582,5110,5462]",1.75,1.7467657007357813,"[1017,711,461,472]","[1790850053186,1790850052875,1790850052627,1790850052639]","[""aed9e652be9c"",""9c1ec0018286"",""413d45dd3d51"",""bc98fb43823e""]",556,559,12.554538668,10.143,1.237753984817115,skew_k4_p025_s2
025,0.25,4,3,True,28677,"[12469,5458,5194,5556]",1.75,1.7392335320988945,"[1075,507,439,501]","[1790850078335,1790850077764,1790850077695,1790850077758]","[""413d45dd3d51"",""bc98fb43823e"",""9c1ec0018286"",""aed9e652be9c""]",636,640,12.211429878,11.075,1.1026121786004517,skew_k4_p025_s3
025,0.25,4,4,True,28677,"[12370,5521,5233,5553]",1.75,1.7254245562646022,"[1405,817,846,788]","[1790850106183,1790850105582,1790850105610,1790850105562]","[""9c1ec0018286"",""aed9e652be9c"",""bc98fb43823e"",""413d45dd3d51""]",617,621,12.610662718,12.052,1.0463543576169931,skew_k4_p025_s4
025,0.25,4,5,True,28677,"[12523,5495,5251,5408]",1.75,1.7467657007357813,"[1036,658,516,488]","[1790850133199,1790850132818,1790850132674,1790850132650]","[""413d45dd3d51"",""aed9e652be9c"",""bc98fb43823e"",""9c1ec0018286""]",548,549,12.506898127,9.715,1.2873801468862582,skew_k4_p025_s5
050,0.5,4,1,False,28677,"[17805,3708,3441,3723]",2.5,2.4835233811068105,"[1291,346,396,397]","[1790850158040,1790850157087,1790850157137,1790850157140]","[""9c1ec0018286"",""bc98fb43823e"",""aed9e652be9c"",""413d45dd3d51""]",945,953,11.809355589,10.149,1.1635979494531483,skew_k4_p050_s1
050,0.5,4,2,True,28677,"[17814,3662,3537,3664]",2.5,2.4847787425462915,"[1613,406,440,454]","[1790850183611,1790850182398,1790850182434,1790850182449]","[""bc98fb43823e"",""aed9e652be9c"",""413d45dd3d51"",""9c1ec0018286""]",1207,1213,12.116123677,9.993,1.2124610904633242,skew_k4_p050_s2
050,0.5,4,3,True,28677,"[17740,3684,3548,3705]",2.5,2.474456881821669,"[1266,368,298,347]","[1790850209331,1790850208428,1790850208358,1790850208408]","[""aed9e652be9c"",""413d45dd3d51"",""9c1ec0018286"",""bc98fb43823e""]",968,973,12.536506613,10.432,1.2017356799271472,skew_k4_p050_s3
050,0.5,4,4,True,28677,"[17755,3687,3573,3662]",2.5,2.476549150887471,"[1365,372,270,414]","[1790850235916,1790850234913,1790850234812,1790850234958]","[""9c1ec0018286"",""bc98fb43823e"",""413d45dd3d51"",""aed9e652be9c""]",1095,1104,12.719743761,10.21,1.2458123174338882,skew_k4_p050_s4
050,0.5,4,5,True,28677,"[17858,3671,3449,3699]",2.5,2.4909160651393103,"[1340,336,356,345]","[1790850260878,1790850259868,1790850259889,1790850259879]","[""413d45dd3d51"",""bc98fb43823e"",""aed9e652be9c"",""9c1ec0018286""]",1004,1010,11.715595781,9.612,1.2188509967748646,skew_k4_p050_s5
075,0.75,4,1,False,28677,"[23219,1829,1710,1919]",3.25,3.2386930292568956,"[1665,296,311,290]","[1790850286089,1790850284714,1790850284725,1790850284706]","[""bc98fb43823e"",""9c1ec0018286"",""aed9e652be9c"",""413d45dd3d51""]",1375,1383,12.041542933,10.272,1.1722685877141745,skew_k4_p075_s1
075,0.75,4,2,True,28677,"[23178,1847,1774,1878]",3.25,3.2329741604770375,"[1621,205,200,151]","[1790850311652,1790850310214,1790850310212,1790850310163]","[""413d45dd3d51"",""9c1ec0018286"",""aed9e652be9c"",""bc98fb43823e""]",1470,1489,11.878950432,10.128,1.1728821516587677,skew_k4_p075_s2
075,0.75,4,3,True,28677,"[23198,1891,1707,1881]",3.25,3.235763852564773,"[1640,240,143,206]","[1790850336037,1790850334631,1790850334534,1790850334599]","[""bc98fb43823e"",""9c1ec0018286"",""aed9e652be9c"",""413d45dd3d51""]",1497,1503,11.498833453,9.983,1.151841475808875,skew_k4_p075_s3
075,0.75,4,4,True,28677,"[23114,1842,1856,1865]",3.25,3.2240471457962827,"[1556,240,151,222]","[1790850360825,1790850359501,1790850359412,1790850359484]","[""aed9e652be9c"",""413d45dd3d51"",""9c1ec0018286"",""bc98fb43823e""]",1405,1413,12.023872171,9.288,1.2945598805986218,skew_k4_p075_s4
075,0.75,4,5,True,28677,"[23173,1872,1743,1889]",3.25,3.2322767374551034,"[1699,190,293,208]","[1790850385018,1790850383503,1790850383605,1790850383523]","[""9c1ec0018286"",""bc98fb43823e"",""413d45dd3d51"",""aed9e652be9c""]",1509,1515,11.411846127,10.294,1.1085920076743734,skew_k4_p075_s5
100,1.0,4,1,False,28677,"[28677,0,0,0]",4.0,4.0,"[1991,0,0,0]","[1790850410303,1790850408302,1790850408304,1790850408305]","[""bc98fb43823e"",""aed9e652be9c"",""413d45dd3d51"",""9c1ec0018286""]",1991,2001,11.712003421,10.138,1.1552577846715328,skew_k4_p100_s1
100,1.0,4,2,True,28677,"[28677,0,0,0]",4.0,4.0,"[1881,0,0,0]","[1790850434895,1790850433005,1790850433006,1790850433007]","[""aed9e652be9c"",""413d45dd3d51"",""9c1ec0018286"",""bc98fb43823e""]",1881,1890,11.369262515,10.408,1.0923580433320523,skew_k4_p100_s2
100,1.0,4,3,True,28677,"[28677,0,0,0]",4.0,4.0,"[1851,0,0,0]","[1790850460428,1790850458567,1790850458568,1790850458569]","[""413d45dd3d51"",""9c1ec0018286"",""bc98fb43823e"",""aed9e652be9c""]",1851,1861,12.117619316,10.495,1.1546087961886615,skew_k4_p100_s3
100,1.0,4,4,True,28677,"[28677,0,0,0]",4.0,4.0,"[1719,0,0,0]","[1790850485537,1790850483809,1790850483809,1790850483810]","[""9c1ec0018286"",""bc98fb43823e"",""aed9e652be9c"",""413d45dd3d51""]",1719,1728,11.722488077,10.272,1.1412079514213396,skew_k4_p100_s4
100,1.0,4,5,True,28677,"[28677,0,0,0]",4.0,4.0,"[2039,0,0,0]","[1790850511778,1790850509730,1790850509730,1790850509731]","[""bc98fb43823e"",""aed9e652be9c"",""413d45dd3d51"",""9c1ec0018286""]",2039,2048,11.662496378,11.377,1.0250941705194692,skew_k4_p100_s5
