profile,seed,delta_rows,after_stop_times_sha256,single_seconds,distributed_seconds,paired_speedup,excluded_from_steady
u10,1,28677,18c4cacb79f87539cfab21c4a0756935565a9105148780e594ade658b0c0cb80,12.081192703,12.325,0.980218475,True
u10,2,28677,b003a38b06778679f97e7bf749a72b5031b4423f9c609a7d0e172e2d17cdd465,11.165003360,9.417,1.185622105,False
u10,3,28677,49d8ae0716565c768616ef69237f4085ca324977240953a02ca2fcb481dfd410,13.625781522,9.354,1.456679658,False
u10,4,28677,a863dccdb219c49974844919ccf6889c4551630274808c302a3fe94a12989d07,12.244645050,9.134,1.340556717,False
u10,5,28677,a69c78973cab254b9e19cb947d736aa46380b7b2a8445b1e4a18ab976b53cd3a,11.067328637,8.293,1.334538603,False
u25,1,71693,d90a5fe2a9544921f90bc9dcc08813c14f030a08af46a5eb2e050bd48a8aec1a,15.642275052,12.690,1.232645788,True
u25,2,71693,7addfbf82c1534023fc774e300048db7643fb7cacd4bf3f14b79bd3f395fe2c0,15.478161363,10.953,1.413143555,False
u25,3,71693,6692f3f2b80c6d93343048eab658054a737b036075af7d573ff7b61c598b20ba,16.421402106,11.355,1.446182484,False
u25,4,71693,01bf0680470cdd3e81d623bac8f8e52e782e507390118e3b0485d8664e1e1312,15.575304479,11.679,1.333616275,False
u25,5,71693,819e491970efe03363415352cba32a8633098c3106dd1b415c0344db0f461cc5,14.771580791,10.140,1.456763392,False
u50,1,143386,1adf4228aa6e7209ed802441f829c2e3c8b404d7db04841a04b7a728dfd43828,21.281968597,15.002,1.418608759,True
u50,2,143386,38256dd27e5e7b77f21ec95900e8623456dec3bd7f3a2148a707bbc7ced7ad61,22.783613711,15.697,1.451462936,False
u50,3,143386,eaf0062a4f8ddd348e0f15738147a75ce228317932be4f94ab68f0cd58da86a4,21.849844693,15.815,1.381589927,False
u50,4,143386,3d00e718f523be5bbbd966194628581ea590f9315da613a3429080849f76400c,21.747784261,14.140,1.538032833,False
u50,5,143386,70a63a19de29520e2ac05bd7dcd680a5ebc09b9754e6386e8d6f022b92d6af06,20.933510783,13.612,1.537871788,False
