p_code,p,k,seed,included_in_summary,delta_rows,measured_s,unsplit_task_count,split_task_count,unsplit_seconds,split_seconds,paired_speedup_unsplit_over_split,latency_reduction_pct,unsplit_worker_load_spread_ms,split_worker_load_spread_ms,unsplit_mapped_finish_spread_ms,split_mapped_finish_spread_ms,mapped_delta_verified,unsplit_tag,split_tag
000,0.0,4,1,False,28677,1.0203298810893748,4,4,9.697,10.013,0.9684410266653349,-3.2587398164380814,306,47,307,45,True,20261007_p000_s1_unsplit,20261007_p000_s1_split
000,0.0,4,2,True,28677,1.017540189001639,4,4,9.204,9.282,0.9915966386554622,-0.8474576271186375,170,104,170,102,True,20261007_p000_s2_unsplit,20261007_p000_s2_split
000,0.0,4,3,True,28677,1.0125187432437144,4,4,8.478,8.643,0.9809094064560915,-1.9462137296532311,91,120,90,118,True,20261007_p000_s3_unsplit,20261007_p000_s3_split
000,0.0,4,4,True,28677,1.023538026990271,4,4,8.163,8.604,0.9487447698744771,-5.402425578831299,47,41,46,39,True,20261007_p000_s4_unsplit,20261007_p000_s4_split
000,0.0,4,5,True,28677,1.0210273041113087,4,4,9.824,9.937,0.9886283586595552,-1.1502442996742626,111,49,108,45,True,20261007_p000_s5_unsplit,20261007_p000_s5_split
025,0.25,4,1,False,28677,1.7501133312410642,4,7,9.874,9.305,1.061149919398173,5.762608871784493,689,579,697,595,True,20261007_p025_s1_unsplit,20261007_p025_s1_split
025,0.25,4,2,True,28677,1.7467657007357813,4,7,8.658,8.729,0.9918661931492726,-0.820050820050817,496,441,500,452,True,20261007_p025_s2_unsplit,20261007_p025_s2_split
025,0.25,4,3,True,28677,1.7392335320988945,4,7,8.887,8.982,0.9894232910264976,-1.068977157645987,480,354,482,368,True,20261007_p025_s3_unsplit,20261007_p025_s3_split
025,0.25,4,4,True,28677,1.7254245562646022,4,7,9.024,9.272,0.9732528041415012,-2.7482269503546224,425,371,427,387,True,20261007_p025_s4_unsplit,20261007_p025_s4_split
025,0.25,4,5,True,28677,1.7467657007357813,4,7,9.169,9.196,0.9970639408438452,-0.29447049841857614,495,421,497,442,True,20261007_p025_s5_unsplit,20261007_p025_s5_split
050,0.5,4,1,False,28677,2.4835233811068105,4,7,9.728,9.079,1.0714836435730806,6.6714638157894655,1096,337,1100,355,True,20261007_p050_s1_unsplit,20261007_p050_s1_split
050,0.5,4,2,True,28677,2.4847787425462915,4,7,10.184,8.71,1.169230769230769,14.4736842105263,877,252,880,266,True,20261007_p050_s2_unsplit,20261007_p050_s2_split
050,0.5,4,3,True,28677,2.474456881821669,4,7,9.014,8.822,1.0217637723872137,2.130019968937211,958,163,963,193,True,20261007_p050_s3_unsplit,20261007_p050_s3_split
050,0.5,4,4,True,28677,2.476549150887471,4,7,9.25,9.737,0.9499845948444079,-5.264864864864866,955,203,959,218,True,20261007_p050_s4_unsplit,20261007_p050_s4_split
050,0.5,4,5,True,28677,2.4909160651393103,4,7,9.244,9.491,0.9739753450637446,-2.6720034617048887,900,215,903,236,True,20261007_p050_s5_unsplit,20261007_p050_s5_split
075,0.75,4,1,False,28677,3.2386930292568956,4,7,10.139,8.876,1.1422938260477693,12.456849787947528,1417,113,1425,115,True,20261007_p075_s1_unsplit,20261007_p075_s1_split
075,0.75,4,2,True,28677,3.2329741604770375,4,7,10.196,8.742,1.1663234957675588,14.260494311494693,1391,188,1398,212,True,20261007_p075_s2_unsplit,20261007_p075_s2_split
075,0.75,4,3,True,28677,3.235763852564773,4,7,9.745,8.579,1.1359132766056648,11.965110312981002,1424,123,1432,150,True,20261007_p075_s3_unsplit,20261007_p075_s3_split
075,0.75,4,4,True,28677,3.2240471457962827,4,7,9.417,8.219,1.145759824796204,12.721673569077206,1403,134,1411,154,True,20261007_p075_s4_unsplit,20261007_p075_s4_split
075,0.75,4,5,True,28677,3.2322767374551034,4,7,10.208,10.193,1.001471598155597,0.14694357366771715,1321,156,1329,179,True,20261007_p075_s5_unsplit,20261007_p075_s5_split
100,1.0,4,1,False,28677,4.0,4,7,9.838,9.459,1.0400676604292207,3.8524090262248385,1838,149,1848,125,True,20261007_p100_s1_unsplit,20261007_p100_s1_split
100,1.0,4,2,True,28677,4.0,4,7,10.018,8.461,1.1840208013237206,15.542024356158917,1895,134,1903,108,True,20261007_p100_s2_unsplit,20261007_p100_s2_split
100,1.0,4,3,True,28677,4.0,4,7,10.626,8.55,1.2428070175438595,19.53698475437605,1788,87,1799,69,True,20261007_p100_s3_unsplit,20261007_p100_s3_split
100,1.0,4,4,True,28677,4.0,4,7,9.97,9.033,1.1037307649728774,9.398194583751264,1813,78,1820,58,True,20261007_p100_s4_unsplit,20261007_p100_s4_split
100,1.0,4,5,True,28677,4.0,4,7,10.218,9.15,1.1167213114754098,10.452143276570753,1887,21,1896,29,True,20261007_p100_s5_unsplit,20261007_p100_s5_split
